StationCode,SampleDate,PHAB_SampleID,IPI,IPI_percentile,Ev_FlowHab,Ev_FlowHab_score,H_AqHab,H_AqHab_pred,H_AqHab_score,H_SubNat,H_SubNat_score,PCT_SAFN,PCT_RC,PCT_SAFN_pred,PCT_SAFN_score,XCMG,XCMG_pred,XCMG_score,IPI_qa,Ev_FlowHab_qa,H_AqHab_qa,H_SubNat_qa,PCT_SAFN_qa,XCMG_qa
402M00002,8/13/2015,402M00002_8/13/2015,1.07,0.72,0.74,0.77,1.79,1.27,1,1.83,0.96,44,0,45.05,0.81,81,93.05,0.68,0.92,1,1,0.92,0.92,1
402M00005,6/11/2015,402M00005_6/11/2015,1,0.48,0.75,0.78,1.21,1.26,0.73,1.85,0.97,16,0,14.25,0.77,69,86.83,0.64,1,1,1,1,1,1
402M00009,6/29/2015,402M00009_6/29/2015,0.95,0.35,0.16,0.15,1.54,1.49,0.78,2.03,1,24,0,22.24,0.77,134,120.95,0.82,1,1,1,1,1,1
402M00015,6/6/2016,402M00015_6/6/2016,0.98,0.42,0.19,0.18,1.59,1.43,0.85,1.95,1,16,0,28.82,0.95,98,99.33,0.74,1,1,1,1,1,1
402M00029,6/6/2016,402M00029_6/6/2016,0.93,0.3,0.3,0.3,1.63,1.26,0.96,1.77,0.93,26,4,43.38,0.96,65,97.67,0.56,1,1,1,1,1,1
403M01500,6/15/2016,403M01500_6/15/2016,0.41,0,0.99,1,1.08,1.52,0.52,0.55,0.29,24,76,40.02,0.04,10,136.08,0.01,1,1,1,1,1,1
403M01505,6/29/2015,403M01505_6/29/2015,0.96,0.39,0.81,0.85,1.47,1.18,0.92,1.61,0.85,53,8,48.7,0.64,55,84.3,0.58,0.97,1,1,0.97,0.97,1
403M01506,6/17/2015,403M01506_6/17/2015,0.97,0.41,0.99,1,1.56,1.25,0.93,1.52,0.8,48,0,46.38,0.77,38,85.36,0.47,1,1,1,1,1,1
403M01522,6/29/2016,403M01522_6/29/2016,0.82,0.07,0.69,0.72,1.49,1.13,0.96,1.05,0.55,76,0,28.28,0.19,73,88.36,0.66,1,1,1,1,1,1
403M01528,6/15/2016,403M01528_6/15/2016,0.61,0,0.92,0.97,1.43,1.4,0.77,0.75,0.39,92,0,34.03,0.06,50,127.89,0.29,1,1,1,1,1,1
403M05757,6/29/2015,403M05757_6/29/2015,0.82,0.07,0.7,0.73,1.42,1.53,0.7,1.84,0.97,48,1,43.27,0.72,52,125.35,0.32,1,1,1,1,1,1
403M05758,6/29/2015,403M05758_6/29/2015,1.13,0.85,0.72,0.75,1.54,1.32,0.88,1.48,0.78,50,0,46.26,0.75,224,85.94,1,1,1,1,1,1,1
403M05771,4/30/2015,403M05771_4/30/2015,1.14,0.88,0.78,0.82,1.44,1.27,0.85,1.55,0.82,44,1,40.31,0.73,198,122.88,1,1,1,1,1,1,1
404M04532,7/14/2015,404M04532_7/14/2015,0.81,0.07,0.57,0.59,1.76,1.54,0.88,1.5,0.79,45,0,34.3,0.66,69,128.88,0.4,0.9,1,1,0.9,0.9,1
404M04599,8/3/2016,404M04599_8/3/2016,0.82,0.07,0.09,0.07,1.78,1.42,0.96,1.97,1,20,0,17.62,0.76,84,130.71,0.48,0.9,1,1,0.9,0.9,1
404M07346,7/1/2015,404M07346_7/1/2015,1.06,0.68,0.82,0.86,1.8,1.47,0.94,1.68,0.88,23,2,42.89,1,108,138.19,0.57,1,1,1,1,1,1
404M07349,7/15/2015,404M07349_7/15/2015,1.15,0.89,0.47,0.48,1.56,1.48,0.8,2.11,1,17,0,30.2,0.96,168,123.23,1,1,1,1,1,1,1
405M10598,6/30/2015,405M10598_6/30/2015,0.21,0,0.73,0.76,0.26,1.51,0.07,0,0,0,100,33.88,0,0,116.5,0.07,1,1,1,1,1,1
405M10599,6/30/2015,405M10599_6/30/2015,0.17,0,0.5,0.51,0.24,1.41,0.12,0,0,0,100,49.9,0.16,3,132.7,0,1,1,1,1,1,1
405M10600,6/23/2016,405M10600_6/23/2016,0.25,0,0.29,0.29,0.21,1.11,0.26,0,0,3,97,48.4,0.14,5,94.69,0.23,1,1,1,1,1,1
405PS0030,7/8/2020,405PS0030_7/8/2020,0.8,0.05,0.36,0.36,1.78,1.29,1,1.42,0.75,29,0,19.03,0.67,43,95.19,0.44,1,1,1,1,1,1
405PS0036,7/11/2016,405PS0036_7/11/2016,1.19,0.94,0.84,0.88,1.66,1.28,0.96,2.12,1,14,0,12.41,0.77,130,101.66,0.91,1,1,1,1,1,1
407M01516,6/24/2015,407M01516_6/24/2015,0.38,0,0.88,0.92,0.43,1.59,0.12,1.21,0.64,7,91,40.3,0.07,7,134.85,0,1,1,1,1,1,1
408M03005,6/15/2015,408M03005_6/15/2015,0.19,0,0.29,0.29,0.69,1.55,0.29,0,0,11,89,32.61,0,0,103.2,0.15,1,1,1,1,1,1
408M03015,6/15/2015,408M03015_6/15/2015,0.34,0,0.69,0.72,0.49,1.28,0.33,0.67,0.35,5,95,49.17,0.15,2,132.67,0,1,1,1,1,1,1
408M03019,7/14/2015,408M03019_7/14/2015,0.87,0.14,0.44,0.45,1.69,1.41,0.91,1.5,0.79,53,9,34.97,0.45,96,107.13,0.68,1,1,1,1,1,1
412CE0616,7/16/2015,412CE0616_7/16/2015,0.28,0,0.38,0.38,0.32,1.37,0.18,0,0,0,100,48.44,0.15,15,95.67,0.28,1,1,1,1,1,1
412CE0732,9/2/2015,412CE0732_9/2/2015,0.38,0,0.68,0.71,0.62,1.28,0.39,0,0,0,100,45.79,0.11,5,88.18,0.26,1,1,1,1,1,1
412M08597,7/16/2015,412M08597_7/16/2015,0.34,0,0.35,0.35,0.33,1.43,0.15,0.69,0.36,1,98,48.58,0.16,12,96.17,0.26,1,1,1,1,1,1
412M08599,9/30/2020,412M08599_9/30/2020,0.97,0.41,0.72,0.75,1.33,1.28,0.78,1.63,0.86,17,8,41.45,1,50,88.71,0.52,1,1,1,1,1,1
412M08602,9/30/2015,412M08602_9/30/2015,0.39,0,0.56,0.58,0.03,1.3,0.06,0.9,0.47,5,92,46.35,0.16,8,93.31,0.25,1,1,1,1,1,1
412M08608,6/2/2016,412M08608_6/2/2016,0.8,0.05,0.64,0.66,1.69,1.5,0.86,1.61,0.85,57,10,33.9,0.38,54,105.11,0.45,0.78,1,1,0.78,0.78,1
412M08610,7/14/2016,412M08610_7/14/2016,0.85,0.11,0.19,0.18,1.11,1.38,0.61,1.84,0.97,27,0,12.22,0.61,115,114.1,0.75,1,1,1,1,1,1
412M08622,6/21/2016,412M08622_6/21/2016,1.11,0.81,0.94,0.99,1.52,1.03,1,1.66,0.87,7,1,13.15,0.86,87,100.23,0.67,1,1,1,1,1,1
412PS0020,6/2/2016,412PS0020_6/2/2016,0.3,0,1,1,0.59,1.56,0.22,0,0,2,98,40.21,0.04,5,126.29,0.04,1,1,1,1,1,1
412PS0040,7/14/2016,412PS0040_7/14/2016,0.34,0,0.97,1,0.69,1.59,0.27,0,0,0,97,43.23,0.12,12,125.58,0.09,1,1,1,1,1,1
412WE0896,9/2/2015,412WE0896_9/2/2015,1.08,0.75,1,1,1.72,1.53,0.86,1.43,0.75,24,0,22.75,0.78,111,105.5,0.78,1,1,1,1,1,1
801M12611,7/1/2015,801M12611_7/1/2015,0.71,0.01,0.42,0.43,1.33,1.25,0.8,1.46,0.77,34,0,43.6,0.91,12,112.76,0.16,2,2,2,2,2,2
801M12641,5/19/2016,801M12641_5/19/2016,0.28,0,0.05,0.03,0.62,1.33,0.37,1.21,0.64,4,91,49.56,0.22,9,135.67,0.01,1,1,1,1,1,1
801M12644,4/28/2016,801M12644_4/28/2016,0.27,0,0.22,0.21,0.81,1.54,0.36,0.69,0.36,10,76,45.47,0.28,5,143.15,0,1,1,1,1,1,1
801M12649,5/11/2016,801M12649_5/11/2016,0.49,0,0.76,0.79,1.38,1.54,0.67,0.51,0.27,85,2,47.81,0.3,19,129.07,0.11,1,1,1,1,1,1
801M16861,4/15/2015,801M16861_4/15/2015,1.03,0.61,0.9,0.95,1.45,1.44,0.77,1.63,0.86,38,0,41.91,0.84,129,145.05,0.65,1,1,1,1,1,1
801M16908,5/24/2016,801M16908_5/24/2016,1.1,0.8,0.53,0.55,1.83,1.39,1,1.61,0.85,36,0,43.64,0.89,140,117.83,0.88,1,1,1,1,1,1
801M16916,5/25/2016,801M16916_5/25/2016,0.93,0.28,0.54,0.56,1.35,1.09,0.9,0.83,0.44,82,0,45.9,0.34,148,91.29,1,1,1,1,1,1,1
845M10601,5/19/2016,845M10601_5/19/2016,0.72,0.01,0.14,0.12,1.85,1.32,1,1.27,0.67,74,0,48.88,0.48,95,134.77,0.52,1,1,1,1,1,1
901M14118,4/30/2015,901M14118_4/30/2015,1.18,0.93,0.85,0.89,1.54,1.36,0.86,1.49,0.78,24,0,29.42,0.86,145,99.01,1,2,2,2,2,2,2
901M14124,6/23/2015,901M14124_6/23/2015,0.3,0,0.78,0.82,0.32,1.44,0.15,0.42,0.22,33,68,51.37,0.17,2,141.48,0,2,2,2,2,2,2
901M14134,4/25/2016,901M14134_4/25/2016,0.93,0.27,0.76,0.79,1.62,1.49,0.83,1.55,0.82,35,0,38.28,0.84,87,133.38,0.48,1,1,1,1,1,1
901S00313,4/30/2009,901S00313_4/30/2009,1.06,0.69,0.87,0.91,1.55,1.47,0.8,1.66,0.87,35,0,25.77,0.68,147,140.57,0.78,1,1,1,1,1,1
901S00469,5/13/2009,901S00469_5/13/2009,1.08,0.74,0.79,0.83,1.47,1.51,0.73,1.56,0.82,34,0,40.07,0.87,156,140.83,0.83,0.91,1,0.91,0.95,0.95,1
901S00997,5/14/2009,901S00997_5/14/2009,0.63,0,0.83,0.87,0.68,1.38,0.37,1.38,0.73,38,47,51.02,0.37,52,133.34,0.27,1,1,1,1,1,1
901S01705,5/14/2009,901S01705_5/14/2009,1.02,0.57,0.56,0.58,1.66,1.57,0.81,1.88,0.99,22,0,22.22,0.8,121,120.46,0.75,1,1,1,1,1,1
901S01811,5/7/2009,901S01811_5/7/2009,0.88,0.16,0.59,0.61,1.39,1.55,0.67,0.77,0.41,83,0,44.59,0.31,177,123.36,1,1,1,1,1,1,1
901S06030,4/30/2009,901S06030_4/30/2009,0.81,0.07,0.52,0.54,1.32,1.38,0.72,1.37,0.72,67,0,39.77,0.45,89,106.92,0.64,1,1,1,1,1,1
902M20161,6/25/2015,902M20161_6/25/2015,0.28,0,0.11,0.09,0.51,1.55,0.19,1.08,0.57,82,0,52,0.42,12,140.58,0,1,1,1,1,1,1
902S00565,4/27/2009,902S00565_4/27/2009,1.05,0.67,0.57,0.59,1.78,1.28,1,1.34,0.71,66,0,48.54,0.57,135,96.07,0.97,1,1,1,1,1,1
902S01097,5/11/2009,902S01097_5/11/2009,0.91,0.23,0.37,0.37,1.9,1.59,0.93,0.94,0.49,79,0,43.77,0.35,210,137.8,1,1,1,1,1,1,1
903M20124,6/24/2015,903M20124_6/24/2015,1.11,0.81,0.65,0.68,1.52,1.32,0.87,1.45,0.76,49,0,64.71,0.99,168,144.19,0.89,1,1,1,1,1,1
903M20153,6/24/2015,903M20153_6/24/2015,0.91,0.23,0.46,0.47,1.85,1.36,1,1.41,0.74,72,0,63.13,0.68,126,146.08,0.63,1,1,1,1,1,1
904M21713,6/26/2015,904M21713_6/26/2015,0.44,0,0.37,0.37,1.06,1.57,0.48,0.43,0.23,32,68,56.96,0.25,60,131.87,0.33,1,1,1,1,1,1
904M21720,6/25/2015,904M21720_6/25/2015,1.12,0.84,0.56,0.58,1.79,1.37,0.99,1.89,0.99,15,3,53.79,1,155,148.46,0.78,1,1,1,1,1,1
904S00537,5/4/2009,904S00537_5/4/2009,0.97,0.41,0.58,0.6,1.92,1.58,0.95,1.43,0.75,76,0,48.41,0.45,150,133.47,0.84,1,1,1,1,1,1
905M21721,6/26/2015,905M21721_6/26/2015,1.01,0.52,0.58,0.6,1.31,1.43,0.69,1.71,0.9,54,0,55.29,0.81,142,133.67,0.8,1,1,1,1,1,1
905S01953,4/29/2009,905S01953_4/29/2009,0.88,0.17,0.56,0.58,1.44,1.41,0.77,0.8,0.42,80,0,48.98,0.4,145,113.19,0.93,1,1,1,1,1,1
905WE1018,6/9/2015,905WE1018_6/9/2015,1.09,0.76,0.5,0.51,1.6,1.5,0.81,1.83,0.96,51,0,48.13,0.76,165,128.46,0.96,1,1,1,1,1,1
906M23302,6/23/2015,906M23302_6/23/2015,1,0.49,0.27,0.26,1.76,1.36,0.98,1.66,0.87,22,0,56.19,1,142,147.02,0.72,1,1,1,1,1,1
906M23318,4/28/2015,906M23318_4/28/2015,1.14,0.87,0.59,0.61,1.36,1.42,0.73,1.65,0.87,8,0,54.95,1,190,141.47,1,1,1,1,1,1,1
907S00577,5/12/2009,907S00577_5/12/2009,0.96,0.37,0.47,0.48,1.53,1.38,0.84,1.65,0.87,40,0,45.55,0.86,111,125.05,0.67,1,1,1,1,1,1
907S01418,5/12/2009,907S01418_5/12/2009,1.2,0.94,0.87,0.91,1.68,1.3,0.97,1.58,0.83,40,0,36.61,0.75,157,114.09,1,1,1,1,1,1,1
907S01434,5/13/2009,907S01434_5/13/2009,1.15,0.88,0.67,0.7,1.73,1.44,0.92,1.71,0.9,40,0,41.24,0.81,153,117.65,0.95,1,1,1,1,1,1
909M24923,5/7/2015,909M24923_5/7/2015,0.99,0.47,0.3,0.3,1.16,1.36,0.65,1.39,0.73,50,0,53.91,0.84,181,137.4,1,1,1,1,1,1,1
911LAP,4/9/2014,911LAP_4/9/2014,0.85,0.11,0.4,0.41,1.06,1.42,0.56,1.1,0.58,67,0,51.05,0.59,139,118.11,0.87,1,1,1,1,1,1
911M24913,4/23/2015,911M24913_4/23/2015,0.9,0.22,0.29,0.29,1.23,1.52,0.6,1.28,0.67,60,3,59.54,0.75,156,127.81,0.91,1,1,1,1,1,1
911S00538,5/5/2009,911S00538_5/5/2009,1.1,0.8,0.94,0.99,1.67,1.55,0.83,1.52,0.8,30,0,35.24,0.86,124,117.84,0.78,1,1,1,1,1,1
911S01818,5/6/2009,911S01818_5/6/2009,0.88,0.17,0.5,0.51,1.43,1.45,0.75,1.51,0.79,67,0,39.45,0.45,114,110.89,0.76,1,1,1,1,1,1
911S02058,5/5/2009,911S02058_5/5/2009,1.05,0.67,0.77,0.81,1.34,1.34,0.76,1.95,1,27,0,37.71,0.93,101,115.92,0.66,1,1,1,1,1,1
911S03354,5/5/2009,911S03354_5/5/2009,1.11,0.82,0.68,0.71,1.46,1.43,0.78,1.71,0.9,52,0,44.51,0.7,186,120.86,1,1,1,1,1,1,1
911S04086,5/6/2009,911S04086_5/6/2009,0.82,0.07,0.29,0.29,0.78,1.44,0.4,1.36,0.72,79,0,42.47,0.33,199,118.73,1,0.95,1,1,1,1,0.95
ME-SCR,7/13/2011,ME-SCR_7/13/2011,0.86,0.12,0.84,0.88,1.61,1.25,0.96,0.99,0.52,81,0,46.3,0.36,66,91.17,0.6,1,1,1,1,1,1
SMC00135,6/7/2010,SMC00135_6/7/2010,1.09,0.76,0.84,0.88,0.64,0.73,0.71,1.48,0.78,18,0,22.49,0.85,146,124.83,0.87,1,1,1,1,1,1
SMC00153,6/8/2009,SMC00153_6/8/2009,0.92,0.27,0.88,0.92,1.66,1.3,0.96,1.03,0.54,83,0,51.72,0.4,86,94.87,0.7,1,1,1,1,1,1
SMC00191,7/12/2010,SMC00191_7/12/2010,0.71,0.01,0.84,0.88,1.15,1.46,0.59,1.47,0.77,46,2,24.48,0.5,13,99.52,0.24,1,1,1,1,1,1
SMC00282,6/9/2009,SMC00282_6/9/2009,0.83,0.09,0.71,0.74,1.12,1.44,0.58,1.1,0.58,70,0,36.36,0.37,115,111.92,0.76,1,1,1,1,1,1
SMC00318,6/15/2010,SMC00318_6/15/2010,0.4,0,0.98,1,0.22,1.25,0.19,0,0,0,92,46.57,0.22,1,92.67,0.21,1,1,1,1,1,1
SMC00345,7/19/2011,SMC00345_7/19/2011,0.86,0.13,0.27,0.26,1,1.47,0.5,1.17,0.62,78,0,58.99,0.55,200,140.21,1,1,1,1,1,1,1
SMC00440,5/20/2009,SMC00440_5/20/2009,0.46,0,0.17,0.16,1.61,1.54,0.79,1.14,0.6,79,0,27.67,0.15,32,124.93,0.21,1,1,1,1,1,1
SMC00457,6/4/2009,SMC00457_6/4/2009,1.04,0.63,0.71,0.74,1.78,1.38,0.98,1.66,0.87,24,0,42.29,1,111,139.44,0.58,1,1,1,1,1,1
SMC00473,6/3/2009,SMC00473_6/3/2009,1.04,0.62,0.76,0.79,1.47,1.29,0.86,1.56,0.82,65,0,51.34,0.62,111,97.8,0.82,1,1,1,1,1,1
SMC00476,6/8/2009,SMC00476_6/8/2009,0.97,0.41,0.61,0.63,0.82,1.35,0.47,1.84,0.97,9,0,10.2,0.81,107,100.99,0.78,1,1,1,1,1,1
SMC00479,7/13/2011,SMC00479_7/13/2011,0.24,0,0.63,0.65,0.21,1.58,0,0.2,0.11,19,81,42.15,0.07,30,134.96,0.14,1,1,1,1,1,1
SMC00531,5/18/2009,SMC00531_5/18/2009,0.22,0,0.62,0.64,0,1.45,0,0.34,0.18,18,82,52.96,0.2,7,137.61,0,1,1,1,1,1,1
SMC00632,6/13/2011,SMC00632_6/13/2011,0.49,0,0.48,0.49,1.16,1.4,0.63,1.26,0.66,34,52,45.18,0.28,12,123.76,0.1,1,1,1,1,1,1
SMC00660,7/14/2015,SMC00660_7/14/2015,0.75,0.02,0.63,0.65,1.34,1.44,0.7,0.63,0.33,88,0,48.73,0.3,100,105.92,0.71,0.96,1,1,0.96,0.96,1
SMC00665,7/27/2011,SMC00665_7/27/2011,1.03,0.61,0.95,1,1.34,1.31,0.77,0.98,0.52,84,0,55.51,0.44,233,105.06,1,1,1,1,1,1,1
SMC00686,6/27/2011,SMC00686_6/27/2011,0.87,0.14,0.61,0.63,0.95,1.49,0.46,1.82,0.96,41,0,43.34,0.82,96,132.02,0.54,1,1,1,1,1,1
SMC00693,5/31/2010,SMC00693_5/31/2010,0.93,0.27,0.67,0.7,1.69,1.4,0.92,1.25,0.66,67,0,64.3,0.76,119,144.72,0.6,1,1,1,1,1,1
SMC00702,7/19/2011,SMC00702_7/19/2011,0.1,0,0.31,0.31,0.05,1.46,0,0,0,7,93,48.67,0.15,2,135.9,0,1,1,1,1,1,1
SMC00710,5/20/2009,SMC00710_5/20/2009,1.06,0.68,0.7,0.73,1.35,1.42,0.72,1.38,0.73,17,0,54.42,1,157,142.99,0.83,1,1,1,1,1,1
SMC00729,6/3/2009,SMC00729_6/3/2009,0.86,0.12,0.75,0.78,1.48,1.54,0.73,1.09,0.57,88,0,51.46,0.33,137,136.4,0.75,0.9,0.9,1,0.95,0.95,1
SMC00766,7/11/2011,SMC00766_7/11/2011,0.78,0.04,0.24,0.23,1.34,1.4,0.72,1.73,0.91,35,0,48.26,0.96,69,135.32,0.36,1,1,1,1,1,1
SMC00791,6/22/2011,SMC00791_6/22/2011,0.81,0.06,0.85,0.89,0.74,1.44,0.37,1.78,0.94,31,0,19.54,0.65,58,112.69,0.43,1,1,1,1,1,1
SMC00827,6/15/2009,SMC00827_6/15/2009,1.02,0.56,0.52,0.54,1.59,1.45,0.84,1.83,0.96,21,0,20.79,0.79,100,97.22,0.76,1,1,1,1,1,1
SMC00857,7/13/2011,SMC00857_7/13/2011,0.91,0.24,0.43,0.44,1.42,1.3,0.83,0.87,0.46,83,0,55.83,0.45,205,102.67,1,1,1,1,1,1,1
SMC00899,7/12/2011,SMC00899_7/12/2011,0.11,0,0.35,0.35,0,1.49,0,0,0,0,100,48.62,0.15,1,134.24,0,1,1,1,1,1,1
SMC00903,7/6/2011,SMC00903_7/6/2011,1.03,0.59,0.68,0.71,1.78,1.33,1,1.8,0.95,24,0,22.7,0.78,93,113.23,0.63,1,1,1,1,1,1
SMC00910,4/30/2009,SMC00910_4/30/2009,0.78,0.04,0.84,0.88,1.45,1.48,0.74,1.4,0.74,65,10,47.56,0.45,64,127.8,0.38,1,1,1,1,1,1
SMC00911,6/4/2009,SMC00911_6/4/2009,1.01,0.53,0.81,0.85,1.25,1.22,0.78,2.02,1,15,1,11.8,0.74,110,131.97,0.62,1,1,1,1,1,1
SMC00921,6/2/2010,SMC00921_6/2/2010,0.91,0.23,0.71,0.74,1.76,1.58,0.86,1.3,0.68,79,0,56.26,0.51,122,133.65,0.68,1,1,1,1,1,1
SMC00926,6/28/2010,SMC00926_6/28/2010,0.69,0.01,0.5,0.51,1.36,1.38,0.75,1,0.53,71,6,47.46,0.42,80,129.07,0.46,1,1,1,1,1,1
SMC00957,6/21/2010,SMC00957_6/21/2010,0.67,0,0.89,0.94,1.24,1.48,0.63,0.53,0.28,78,0,53.49,0.49,69,133.45,0.37,1,1,1,1,1,1
SMC00958,7/19/2011,SMC00958_7/19/2011,0.49,0,0.14,0.12,0.72,1.5,0.33,1.39,0.73,8,8,48.69,1,11,134.95,0.03,1,1,1,1,1,1
SMC00963,6/17/2010,SMC00963_6/17/2010,0.96,0.38,0.73,0.76,1.15,1.39,0.63,1.46,0.77,25,0,43.69,1,78,99.38,0.62,0.95,1,1,1,1,0.95
SMC01004,5/26/2009,SMC01004_5/26/2009,0.21,0,0.29,0.29,0.29,1.38,0.16,0,0,10,90,40.83,0.05,6,95.42,0.23,1,1,1,1,1,1
SMC01013,6/24/2010,SMC01013_6/24/2010,0.87,0.15,0.49,0.5,1.37,1.29,0.8,0.73,0.38,16,0,45.98,1,92,108.38,0.65,0.82,1,0.82,0.98,0.98,1
SMC01040,6/9/2009,SMC01040_6/9/2009,0.97,0.4,0.9,0.95,1.12,1.48,0.56,1.91,1,13,0,21.48,0.9,60,101.5,0.51,1,1,1,1,1,1
SMC01046,5/21/2009,SMC01046_5/21/2009,1.04,0.64,0.41,0.42,1.8,1.39,0.98,1.83,0.96,23,13,54.69,1,138,146.03,0.7,1,1,1,1,1,1
SMC01151,6/17/2009,SMC01151_6/17/2009,0.75,0.02,0.54,0.56,1.15,1.16,0.75,1.28,0.67,65,0,41.18,0.49,41,89.55,0.46,0.99,1,1,0.99,0.99,1
SMC01155,5/12/2009,SMC01155_5/12/2009,0.99,0.48,0.99,1,1.6,1.35,0.9,1.58,0.83,60,0,38.43,0.52,100,117.59,0.64,1,1,1,1,1,1
SMC01158,5/20/2009,SMC01158_5/20/2009,0.73,0.01,0.26,0.25,1.73,1.45,0.91,1.09,0.57,87,0,54.41,0.38,111,135.91,0.6,1,1,1,1,1,1
SMC01161,5/27/2010,SMC01161_5/27/2010,1.02,0.56,0.64,0.66,1.83,1.55,0.91,1.55,0.82,42,0,49.76,0.89,123,134.65,0.68,1,1,1,1,1,1
SMC01164,6/24/2011,SMC01164_6/24/2011,1.08,0.73,0.49,0.5,1.69,1.65,0.78,1.82,0.96,27,0,19.38,0.7,169,127.57,0.99,1,1,1,1,1,1
SMC01172,6/24/2009,SMC01172_6/24/2009,1.03,0.58,0.59,0.61,1.65,1.5,0.84,1.92,1,15,0,34.32,1,116,138.37,0.62,1,1,1,1,1,1
SMC01174,7/20/2011,SMC01174_7/20/2011,0.97,0.41,0.37,0.37,1.35,1.6,0.62,1.46,0.77,67,0,57.34,0.67,199,136.65,1,1,1,1,1,1,1
SMC01196,7/14/2010,SMC01196_7/14/2010,0.85,0.11,0.5,0.51,1.65,1.56,0.81,1.31,0.69,24,0,23.97,0.79,27,61.96,0.54,1,1,1,1,1,1
SMC01201,6/2/2010,SMC01201_6/2/2010,0.85,0.11,0.64,0.66,1.51,1.46,0.78,1.16,0.61,71,2,63.01,0.67,110,138.9,0.58,1,1,1,1,1,1
SMC01208,6/8/2010,SMC01208_6/8/2010,0.2,0,0.29,0.29,0.17,1.46,0.05,0.13,0.07,33,66,48.7,0.16,5,102.13,0.18,1,1,1,1,1,1
SMC01215,7/13/2011,SMC01215_7/13/2011,0.95,0.35,0.72,0.75,1.48,1.25,0.89,1.8,0.95,48,0,37.05,0.66,57,90.45,0.55,0.97,1,1,0.97,0.97,1
SMC01248,7/26/2011,SMC01248_7/26/2011,0.86,0.13,0.64,0.66,1.1,1.28,0.66,1.22,0.64,7,0,19.72,0.95,66,107.93,0.5,0.71,1,0.73,0.71,0.71,0.73
SMC01257,6/16/2011,SMC01257_6/16/2011,0.88,0.16,0.92,0.97,1.36,1.5,0.68,1.68,0.88,31,0,38.04,0.88,51,129.26,0.29,1,1,1,1,1,1
SMC01258,5/27/2009,SMC01258_5/27/2009,0.97,0.4,0.84,0.88,1.24,1.28,0.73,1.07,0.56,59,0,46.1,0.63,111,100.3,0.81,0.9,0.9,1,0.95,0.95,1
SMC01260,7/16/2012,SMC01260_7/16/2012,0.34,0,0.77,0.81,0.37,1.37,0.21,0,0,0,100,45.79,0.11,3,94.06,0.22,0.9,0.9,0.91,0.94,0.94,1
SMC01320,6/7/2010,SMC01320_6/7/2010,0.72,0.01,0.36,0.36,1.42,1.54,0.69,1.5,0.79,25,0,28.33,0.84,34,110.69,0.3,0.99,1,1,0.99,0.99,1
SMC01341,6/22/2009,SMC01341_6/22/2009,0.68,0.01,0.72,0.75,1.39,1.09,0.92,0.13,0.07,97,0,46.31,0.16,68,90.91,0.61,1,1,1,1,1,1
SMC01372,7/13/2010,SMC01372_7/13/2010,1.06,0.68,0.72,0.75,1.52,1.32,0.87,1.62,0.85,34,0,48.86,0.98,76,86.05,0.69,1,1,1,1,1,1
SMC01413,7/9/2012,SMC01413_7/9/2012,1.17,0.92,0.56,0.58,1.56,1.53,0.78,1.98,1,30,0,52.09,1,182,114.96,1,1,1,1,1,1,1
SMC01454,7/16/2012,SMC01454_7/16/2012,0.61,0,0.44,0.45,1.57,1.48,0.81,1.07,0.56,22,43,34.2,0.41,50,130.61,0.28,0.91,1,0.91,0.92,0.92,0.95
SMC01504,6/28/2011,SMC01504_6/28/2011,1.11,0.81,0.49,0.5,1.34,1.14,0.87,1.74,0.92,2,0,12.76,0.93,126,95.62,0.92,1,1,1,1,1,1
SMC01523,7/7/2011,SMC01523_7/7/2011,0.63,0,0.81,0.85,0.32,1.34,0.2,1.45,0.76,4,0,28.01,1,5,126.04,0.04,1,1,1,1,1,1
SMC01550,6/25/2009,SMC01550_6/25/2009,1.1,0.8,0.72,0.75,1.61,1.61,0.76,2.07,1,16,2,16.6,0.78,160,137.64,0.88,1,1,1,1,1,1
SMC01555,6/23/2011,SMC01555_6/23/2011,0.27,0,0.99,1,0.25,1.49,0.08,0,0,0,100,46.72,0.12,11,138.26,0.01,1,1,1,1,1,1
SMC01567,6/9/2010,SMC01567_6/9/2010,0.91,0.24,0.67,0.7,1.26,1.33,0.72,1.69,0.89,9,0,12.36,0.84,32,72.01,0.51,0.95,1,1,1,1,0.95
SMC01606,5/26/2009,SMC01606_5/26/2009,0.25,0,0.05,0.03,0.52,1.36,0.29,0.73,0.38,58,41,53.82,0.23,31,142.94,0.1,1,1,1,1,1,1
SMC01655,7/6/2011,SMC01655_7/6/2011,0.69,0.01,0.73,0.76,0.43,1.25,0.31,1.58,0.83,12,0,28.47,1,5,112.33,0.12,1,1,1,1,1,1
SMC01656,6/6/2012,SMC01656_6/6/2012,0.21,0,0.35,0.35,0.58,1.55,0.22,0.54,0.28,13,87,27.4,0,18,136.94,0.06,0.82,1,0.82,0.92,0.92,1
SMC01662,7/9/2012,SMC01662_7/9/2012,0.16,0,0.26,0.25,0.5,1.4,0.26,0,0,0,99,44.47,0.11,11,130.5,0.05,0.96,1,1,0.96,0.96,1
SMC01676,7/3/2010,SMC01676_7/3/2010,1.2,0.95,0.72,0.75,1.51,1.32,0.86,1.63,0.86,32,0,48.86,1,132,85.83,1,1,1,1,1,1,1
SMC01684,6/3/2009,SMC01684_6/3/2009,0.28,0,0.94,0.99,0,1.58,0,0.31,0.16,77,21,44.07,0.12,0,133.95,0,1,1,1,1,1,1
SMC01689,7/5/2012,SMC01689_7/5/2012,0.96,0.38,0.83,0.87,1.25,1.33,0.71,0.75,0.39,82,0,52.41,0.42,191,114.57,1,1,1,1,1,1,1
SMC01692,6/20/2011,SMC01692_6/20/2011,0.8,0.05,0.71,0.74,1.69,1.41,0.91,1.32,0.69,18,0,25.57,0.89,16,108.02,0.21,1,1,1,1,1,1
SMC01694,6/28/2010,SMC01694_6/28/2010,0.44,0,0.05,0.03,1.5,1.48,0.77,1.09,0.57,61,10,47.72,0.5,9,123.63,0.08,1,1,1,1,1,1
SMC01716,6/8/2010,SMC01716_6/8/2010,0.2,0,0.47,0.48,0.37,1.58,0.09,0,0,0,100,47.96,0.14,5,118.23,0.09,1,1,1,1,1,1
SMC01717,5/28/2009,SMC01717_5/28/2009,1.06,0.68,0.69,0.72,1.42,1.31,0.82,1.21,0.64,58,0,46.16,0.64,151,97.02,1,1,1,1,1,1,1
SMC01726,6/30/2010,SMC01726_6/30/2010,0.26,0,0.83,0.87,0.38,1.47,0.16,0,0,0,100,48.68,0.15,1,136.88,0,1,1,1,1,1,1
SMC01748,6/3/2009,SMC01748_6/3/2009,0.88,0.16,0.88,0.92,1.27,1.49,0.64,1.07,0.56,63,0,46.79,0.59,91,108.27,0.65,0.97,1,1,0.97,0.97,1
SMC01772,7/11/2012,SMC01772_7/11/2012,0.22,0,0.49,0.5,0.68,1.53,0.29,0,0,0,100,27.37,0,24,133.49,0.11,0.9,0.9,0.91,0.96,0.96,0.95
SMC01808,6/13/2011,SMC01808_6/13/2011,1,0.5,0.88,0.92,1.49,1.48,0.76,1.88,0.99,23,0,21.67,0.78,70,102.33,0.56,1,1,1,1,1,1
SMC01814,6/9/2010,SMC01814_6/9/2010,0.93,0.3,0.88,0.92,1.5,1.33,0.85,1.71,0.9,62,0,53.56,0.69,68,118.95,0.45,1,1,1,1,1,1
SMC01824,6/21/2012,SMC01824_6/21/2012,0.31,0,0.99,1,0.59,1.49,0.26,0,0,4,96,31.35,0,7,122.14,0.08,0.82,1,0.91,0.95,0.95,0.82
SMC01860,5/28/2009,SMC01860_5/28/2009,0.76,0.02,0.72,0.75,1.46,1.54,0.71,1.52,0.8,60,0,47.61,0.64,48,128.39,0.28,1,1,1,1,1,1
SMC01881,7/9/2013,SMC01881_7/9/2013,0.84,0.09,0.08,0.06,1.34,1.3,0.78,1.07,0.56,82,0,51.74,0.41,176,98.62,1,1,1,1,1,1,1
SMC01902,7/16/2012,SMC01902_7/16/2012,0.29,0,0.59,0.61,0.67,1.46,0.33,0,0,6,94,44.19,0.09,2,105.45,0.15,0.64,1,0.64,0.96,0.96,0.95
SMC01912,7/12/2012,SMC01912_7/12/2012,0.33,0,1,1,0.66,1.55,0.27,0,0,0,100,48.28,0.14,9,127.98,0.06,0.82,1,0.82,0.94,0.94,1
SMC01923,7/12/2011,SMC01923_7/12/2011,0.45,0,1,1,0,1.49,0,0.66,0.35,78,0,49.99,0.44,21,124.89,0.14,1,1,1,1,1,1
SMC01934,6/15/2012,SMC01934_6/15/2012,0.84,0.1,0.98,1,1.54,1.37,0.85,1.08,0.57,28,5,48.44,0.99,10,100.19,0.22,0.95,1,1,0.97,0.97,0.95
SMC01960,6/23/2010,SMC01960_6/23/2010,0.64,0,0.51,0.52,1.3,1.5,0.65,1.26,0.66,59,0,46.5,0.64,7,98.36,0.22,1,1,1,1,1,1
SMC01979,7/14/2011,SMC01979_7/14/2011,1.07,0.72,0.71,0.74,1.08,1.35,0.61,1.98,1,6,0,13.64,0.89,113,99.87,0.82,0.99,1,1,0.99,0.99,1
SMC01987,6/15/2012,SMC01987_6/15/2012,0.76,0.03,0.55,0.57,1.55,1.53,0.77,1.57,0.83,41,3,49.27,0.86,36,124.33,0.23,0.86,0.9,1,0.94,0.94,0.86
SMC02006,5/26/2009,SMC02006_5/26/2009,0.15,0,0.08,0.06,0,1.5,0,0.64,0.34,12,89,56.1,0.23,11,134.7,0.03,1,1,1,1,1,1
SMC02028,7/12/2012,SMC02028_7/12/2012,0.29,0,0.45,0.46,0.65,1.4,0.35,0,0,5,95,26.78,0,12,95.35,0.26,0.95,1,1,0.96,0.96,0.95
SMC02075,7/17/2012,SMC02075_7/17/2012,0.76,0.02,0.05,0.03,1.54,1.44,0.81,1.63,0.86,51,0,26.17,0.48,91,108.99,0.64,0.95,1,1,0.96,0.96,0.95
SMC02088,6/14/2011,SMC02088_6/14/2011,0.77,0.03,0.31,0.31,1.79,1.31,1,1.43,0.75,20,0,40.79,1,16,103.67,0.24,1,1,1,1,1,1
SMC02092,6/14/2011,SMC02092_6/14/2011,0.87,0.14,0.4,0.41,1.89,1.51,0.97,1.65,0.87,14,0,41.56,1,41,108.38,0.36,1,1,1,1,1,1
SMC02123,7/5/2011,SMC02123_7/5/2011,0.66,0,0.99,1,0.6,1.38,0.33,1.36,0.72,34,0,35.9,0.82,5,119.05,0.08,1,1,1,1,1,1
SMC02127,6/4/2009,SMC02127_6/4/2009,1.07,0.7,0.67,0.7,1.35,1.42,0.72,1.79,0.94,56,3,36.1,0.51,161,97.91,1,1,1,1,1,1,1
SMC02139,7/17/2012,SMC02139_7/17/2012,0.99,0.46,0.61,0.63,1.72,1.41,0.93,1.86,0.98,29,0,25.12,0.74,91,114.29,0.61,0.95,1,1,0.95,0.95,0.95
SMC02145,7/19/2011,SMC02145_7/19/2011,1.03,0.59,0.89,0.94,1.44,1.54,0.7,1.01,0.53,70,0,48.8,0.53,214,143.96,1,1,1,1,1,1,1
SMC02152,7/14/2010,SMC02152_7/14/2010,1.23,0.97,0.92,0.97,1.69,1.52,0.85,1.61,0.85,16,0,40.11,1,163,123.51,0.98,1,1,1,1,1,1
SMC02206,7/19/2011,SMC02206_7/19/2011,0.41,0,0.53,0.55,1.16,1.54,0.55,0.77,0.41,77,10,49.04,0.32,8,132.73,0.02,1,1,1,1,1,1
SMC02228,6/23/2009,SMC02228_6/23/2009,0.29,0,0.57,0.59,0.1,1.28,0.11,0,0,1,99,41.72,0.06,10,88.41,0.29,1,1,1,1,1,1
SMC02270,6/30/2010,SMC02270_6/30/2010,0.34,0,0.66,0.69,0.58,1.39,0.31,0,0,0,100,43.38,0.08,29,115.32,0.25,1,1,1,1,1,1
SMC02436,5/28/2009,SMC02436_5/28/2009,0.83,0.08,0.67,0.7,1.3,1.4,0.7,1.07,0.56,58,0,46.27,0.65,72,99.23,0.59,1,1,1,1,1,1
SMC02452,6/30/2011,SMC02452_6/30/2011,0.69,0.01,0.6,0.62,1.4,1.41,0.75,1.2,0.63,66,5,50.28,0.53,26,103.12,0.3,1,1,1,1,1,1
SMC02457,5/31/2010,SMC02457_5/31/2010,0.88,0.16,0.47,0.48,1.39,1.24,0.84,1.19,0.63,74,1,52.94,0.52,109,103.99,0.78,1,1,1,1,1,1
SMC02464,6/22/2011,SMC02464_6/22/2011,0.72,0.01,0.65,0.68,0.54,1.27,0.36,1.58,0.83,2,0,12.52,0.93,26,111.63,0.25,1,1,1,1,1,1
SMC02536,6/29/2011,SMC02536_6/29/2011,0.19,0,0.5,0.51,0.2,1.61,0,0.64,0.34,2,97,34.28,0,9,136.47,0.01,1,1,1,1,1,1
SMC02548,7/9/2010,SMC02548_7/9/2010,1.05,0.65,0.69,0.72,1.44,1.58,0.68,1.48,0.78,11,0,15.51,0.85,151,129.39,0.87,1,1,1,1,1,1
SMC02563,6/24/2010,SMC02563_6/24/2010,0.6,0,0.63,0.65,1.14,1.4,0.62,1.26,0.66,53,9,48.77,0.63,18,130.92,0.09,1,1,1,1,1,1
SMC02568,6/12/2012,SMC02568_6/12/2012,0.93,0.3,0.3,0.3,1.62,1.5,0.82,1.92,1,20,0,28.48,0.9,84,105.09,0.62,0.91,1,0.91,0.96,0.96,1
SMC02591,7/21/2011,SMC02591_7/21/2011,1,0.49,0.72,0.75,1.12,1.37,0.62,1.98,1,9,0,12.94,0.84,94,107.47,0.67,1,1,1,1,1,1
SMC02622,6/15/2010,SMC02622_6/15/2010,0.38,0,0.91,0.96,0.29,1.25,0.23,0,0,0,100,46.48,0.12,1,93.19,0.21,1,1,1,1,1,1
SMC02644,6/30/2011,SMC02644_6/30/2011,0.94,0.3,0.77,0.81,1.62,1.56,0.79,2,1,11,15,42.01,1,57,126.6,0.34,1,1,1,1,1,1
SMC02712,6/7/2012,SMC02712_6/7/2012,1.07,0.71,0.81,0.85,1.73,1.43,0.93,1.78,0.94,10,0,22.89,0.96,82,105.7,0.61,0.91,1,1,0.94,0.94,0.91
SMC02884,6/23/2010,SMC02884_6/23/2010,0.73,0.01,0.6,0.62,1.44,1.62,0.66,1.58,0.83,46,0,49.83,0.84,40,135.41,0.19,1,1,1,1,1,1
SMC02888,6/26/2012,SMC02888_6/26/2012,1.15,0.89,0.9,0.95,1.58,1.55,0.78,1.82,0.96,39,0,29.61,0.68,162,127.51,0.95,1,1,1,1,1,1
SMC02902,8/2/2011,SMC02902_8/2/2011,1.18,0.92,0.72,0.75,1.72,1.5,0.88,1.78,0.94,55,0,55.66,0.8,198,127.44,1,1,1,1,1,1,1
SMC02905,7/9/2013,SMC02905_7/9/2013,0.98,0.44,0.28,0.28,1.57,1.31,0.9,1.12,0.59,59,0,52.32,0.71,157,100.53,1,1,1,1,1,1,1
SMC02933,6/1/2010,SMC02933_6/1/2010,1.03,0.61,0.66,0.69,1.55,1.31,0.89,1.31,0.69,58,0,52.1,0.72,129,107.7,0.87,1,1,1,1,1,1
SMC02947,7/12/2011,SMC02947_7/12/2011,0.49,0,0.14,0.12,0.89,1.49,0.43,1.61,0.85,63,0,49.57,0.62,18,126.73,0.11,1,1,1,1,1,1
SMC02972,7/18/2012,SMC02972_7/18/2012,0.89,0.19,0.56,0.58,1.53,1.46,0.8,1.83,0.96,9,0,11.14,0.82,54,103.13,0.46,0.9,1,1,0.9,0.9,0.95
SMC02976,7/27/2010,SMC02976_7/27/2010,1.11,0.81,0.69,0.72,1.23,1.34,0.7,1.92,1,25,0,12.35,0.63,140,88.45,1,1,1,1,1,1,1
SMC02984,6/23/2010,SMC02984_6/23/2010,0.7,0.01,0.38,0.38,1.29,1.51,0.64,1.55,0.82,46,0,46.59,0.8,18,97.73,0.28,1,1,1,1,1,1
SMC03110,7/26/2011,SMC03110_7/26/2011,1.04,0.64,0.76,0.79,1.47,1.44,0.77,1.69,0.89,58,0,56.5,0.77,142,138.98,0.76,1,1,1,1,1,1
SMC03216,7/27/2011,SMC03216_7/27/2011,0.94,0.32,0.63,0.65,1.22,1.12,0.81,1.83,0.96,9,0,11.59,0.83,60,99.15,0.52,1,1,1,1,1,1
SMC03222,7/11/2012,SMC03222_7/11/2012,0.48,0,0.93,0.98,0.84,1.48,0.41,0,0,3,97,57.48,0.26,60,140.77,0.28,1,1,1,1,1,1
SMC03268,5/28/2009,SMC03268_5/28/2009,0.71,0.01,0.93,0.98,1.26,1.38,0.69,0.54,0.28,84,0,47.02,0.33,49,96.23,0.47,1,1,1,1,1,1
SMC03280,8/11/2011,SMC03280_8/11/2011,0.97,0.42,0.73,0.76,1.28,1.43,0.67,1.98,1,14,0,14.88,0.8,87,111.75,0.6,1,1,1,1,1,1
SMC03304,6/29/2011,SMC03304_6/29/2011,0.45,0,1,1,0.2,1.59,0,0,0,1,99,45.72,0.11,64,111.63,0.47,1,1,1,1,1,1
SMC03401,7/8/2013,SMC03401_7/8/2013,1.09,0.76,0.66,0.69,1.75,1.57,0.86,1.53,0.81,64,0,56.18,0.7,172,136.07,0.96,1,1,1,1,1,1
SMC03452,6/13/2012,SMC03452_6/13/2012,1.09,0.77,0.86,0.9,1.27,1.16,0.82,1.64,0.86,1,0,10.77,0.92,111,112.59,0.74,0.82,1,0.91,0.92,0.92,0.82
SMC03929,7/5/2012,SMC03929_7/5/2012,1.25,0.98,0.93,0.98,1.7,1.43,0.91,1.87,0.98,40,1,55.78,0.98,169,137.12,0.93,1,1,1,1,1,1
SMC03971,7/11/2011,SMC03971_7/11/2011,0.54,0,0.17,0.16,0.87,1.49,0.42,1.89,0.99,43,0,48.87,0.87,5,132.79,0,1,1,1,1,1,1
SMC03984,6/18/2012,SMC03984_6/18/2012,1.08,0.74,0.72,0.75,1.64,1.44,0.87,1.9,1,28,1,18.89,0.67,121,108.14,0.82,0.9,1,0.91,0.9,0.9,1
SMC03988,6/29/2011,SMC03988_6/29/2011,0.95,0.34,0.8,0.84,1.72,1.41,0.93,1.77,0.93,16,0,36.92,1,61,135.57,0.31,0.95,1,1,1,1,0.95
SMC04000,7/30/2012,SMC04000_7/30/2012,0.8,0.05,0.37,0.37,1.33,1.4,0.72,1.55,0.82,2,0,19.03,1,54,118,0.37,0.8,0.8,0.91,0.94,0.94,1
SMC04008,6/19/2012,SMC04008_6/19/2012,0.85,0.1,0.52,0.54,1.5,1.49,0.76,1.6,0.84,31,1,44.67,0.95,58,120.72,0.38,0.8,0.8,1,0.97,0.97,0.91
SMC04047,5/14/2009,SMC04047_5/14/2009,0.8,0.05,0.64,0.66,0.96,1.33,0.55,1.45,0.76,1,0,30.52,1,22,94.53,0.33,1,1,1,1,1,1
SMC04054,5/27/2009,SMC04054_5/27/2009,0.96,0.36,0.78,0.82,1.55,1.35,0.87,1.13,0.59,79,0,52.72,0.46,117,106.12,0.81,1,1,1,1,1,1
SMC04132,6/11/2012,SMC04132_6/11/2012,0.13,0,0.33,0.33,0.06,1.38,0.03,0,0,9,91,47.67,0.14,17,138.45,0.04,0.8,0.8,1,0.96,0.96,1
SMC04134,7/26/2011,SMC04134_7/26/2011,1.2,0.95,0.8,0.84,1.51,1.45,0.79,1.81,0.95,22,0,49.92,1,170,134.28,0.95,1,1,1,1,1,1
SMC04204,7/11/2012,SMC04204_7/11/2012,0.95,0.35,0.36,0.36,1.55,1.48,0.8,1.93,1,16,0,20.22,0.85,102,114.95,0.67,0.94,1,1,0.94,0.94,0.95
SMC04239,6/11/2009,SMC04239_6/11/2009,1,0.5,0.67,0.7,1.57,1.33,0.89,1.71,0.9,13,0,41.29,1,57,92.66,0.54,1,1,1,1,1,1
SMC04264,7/9/2010,SMC04264_7/9/2010,1.07,0.73,0.82,0.86,1.54,1.54,0.76,1.62,0.85,29,0,43.47,0.98,126,128.6,0.73,1,1,1,1,1,1
SMC04294,7/11/2013,SMC04294_7/11/2013,1.2,0.95,0.65,0.68,1.69,1.45,0.89,1.77,0.93,30,0,56.08,1,200,134.14,1,1,1,1,1,1,1
SMC04308,6/17/2009,SMC04308_6/17/2009,0.81,0.07,0.76,0.79,1.54,1.6,0.73,1.5,0.79,7,0,39.18,1,38,131.57,0.2,1,1,1,1,1,1
SMC04383,6/9/2010,SMC04383_6/9/2010,1.01,0.52,0.51,0.52,1.25,1.26,0.75,1.77,0.93,15,0,14.69,0.79,95,86.68,0.8,1,1,1,1,1,1
SMC04399,6/11/2009,SMC04399_6/11/2009,0.87,0.15,0.61,0.63,1.48,1.28,0.87,1.66,0.87,63,0,40.53,0.51,57,90.33,0.55,1,1,1,1,1,1
SMC04426,7/25/2011,SMC04426_7/25/2011,1.14,0.87,0.74,0.77,1.34,1.43,0.71,1.97,1,18,0,39.56,1,138,118.43,0.86,1,1,1,1,1,1
SMC04432,6/26/2012,SMC04432_6/26/2012,1.22,0.96,0.68,0.71,1.71,1.44,0.91,2.02,1,9,1,23.33,0.96,151,103.77,1,1,1,1,1,1,1
SMC04441,7/19/2013,SMC04441_7/19/2013,0.91,0.24,0.14,0.12,1.36,1.42,0.72,1.24,0.65,55,0,56.17,0.81,175,144.12,0.93,1,1,1,1,1,1
SMC04532,7/11/2012,SMC04532_7/11/2012,0.52,0,0.29,0.29,0.75,1.26,0.48,1.59,0.84,5,79,32.98,0.15,11,84.41,0.32,0.9,0.9,0.91,0.94,0.94,1
SMC04682,7/25/2011,SMC04682_7/25/2011,1.13,0.86,0.64,0.66,1.31,1.36,0.73,1.98,1,10,0,35.47,1,148,124.27,0.88,1,1,1,1,1,1
SMC04748,7/2/2009,SMC04748_7/2/2009,1.09,0.77,0.97,1,1.2,1.24,0.74,1.4,0.74,65,0,48.26,0.58,124,86.5,0.96,1,1,1,1,1,1
SMC04749,6/23/2009,SMC04749_6/23/2009,0.56,0,0.68,0.71,1.23,1.51,0.61,0.84,0.44,88,9,49.74,0.2,55,131.41,0.3,1,1,1,1,1,1
SMC04750,7/5/2011,SMC04750_7/5/2011,1.1,0.79,0.59,0.61,1.3,1.51,0.64,1.77,0.93,30,0,32.39,0.82,179,129.39,1,1,1,1,1,1,1
SMC04756,7/7/2010,SMC04756_7/7/2010,0.62,0,0.47,0.48,1.42,1.47,0.73,0.62,0.33,89,0,49.71,0.3,68,110.43,0.5,1,1,1,1,1,1
SMC04795,7/14/2011,SMC04795_7/14/2011,1.04,0.62,0.84,0.88,1.23,1.25,0.75,1.68,0.88,3,0,10.68,0.89,104,117.83,0.67,1,1,1,1,1,1
SMC04806,7/11/2013,SMC04806_7/11/2013,1.14,0.87,0.99,1,1.08,1.4,0.58,1.33,0.7,7,0,55.03,1,179,142.95,0.96,1,1,1,1,1,1
SMC04880,6/6/2012,SMC04880_6/6/2012,1.02,0.57,0.65,0.68,1.81,1.44,0.96,1.89,0.99,21,0,24.95,0.84,65,90.54,0.6,0.95,1,1,0.95,0.95,1
SMC04932,7/12/2010,SMC04932_7/12/2010,0.7,0.01,0.69,0.72,1.73,1.57,0.84,1.08,0.57,82,4,49.01,0.33,73,137.21,0.37,0.95,1,1,1,1,0.95
SMC04934,7/12/2013,SMC04934_7/12/2013,1.09,0.78,0.6,0.62,1.17,1.38,0.65,1.8,0.95,53,0,51.74,0.78,204,106.13,1,1,1,1,1,1,1
SMC04956,6/23/2011,SMC04956_6/23/2011,0.73,0.02,0.38,0.38,1.47,1.48,0.75,1.06,0.56,62,0,49.41,0.64,70,110.86,0.51,1,1,1,1,1,1
SMC05146,7/10/2012,SMC05146_7/10/2012,1.06,0.68,0.64,0.66,1.4,1.38,0.77,1.03,0.54,38,0,43.47,0.86,194,116.06,1,1,1,1,1,1,1
SMC05165,6/22/2011,SMC05165_6/22/2011,0.83,0.09,0.32,0.32,1.22,1.52,0.59,1.13,0.59,75,0,43.94,0.4,171,136.41,0.95,1,1,1,1,1,1
SMC05199,7/6/2011,SMC05199_7/6/2011,1.06,0.7,0.41,0.42,1.78,1.42,0.95,1.78,0.94,8,0,27.4,1,103,98.12,0.78,1,1,1,1,1,1
SMC05230,7/2/2012,SMC05230_7/2/2012,0.8,0.05,0.52,0.54,1.24,1.11,0.83,1.31,0.69,14,17,45.86,0.98,14,88.38,0.31,0.91,1,0.91,0.97,0.97,1
SMC05243,6/10/2010,SMC05243_6/10/2010,1.06,0.68,0.97,1,1.58,1.4,0.86,1.58,0.83,61,0,47.52,0.62,98,96.39,0.76,0.94,1,1,0.94,0.94,1
SMC05296,6/26/2012,SMC05296_6/26/2012,1.01,0.54,0.55,0.57,1.54,1.25,0.92,1.99,1,13,0,22.29,0.91,63,85.84,0.61,0.9,1,1,0.9,0.9,1
SMC05332,6/11/2012,SMC05332_6/11/2012,0.79,0.05,0.59,0.61,0.8,1.46,0.39,0.96,0.51,11,1,29.77,1,99,131.82,0.56,0.9,0.9,1,0.94,0.94,1
SMC05379,6/15/2012,SMC05379_6/15/2012,0.4,0,0.85,0.89,0.52,1.38,0.29,0.69,0.36,28,72,48.18,0.14,16,131.96,0.07,0.91,1,1,0.91,0.91,0.95
SMC05402,7/28/2011,SMC05402_7/28/2011,1.06,0.68,0.69,0.72,1.43,1.4,0.78,1.83,0.96,28,0,38.79,0.93,113,117.75,0.72,1,1,1,1,1,1
SMC05407,7/21/2011,SMC05407_7/21/2011,1.01,0.52,0.59,0.61,1.28,1.35,0.72,1.83,0.96,4,0,12.5,0.9,79,86.96,0.7,1,1,1,1,1,1
SMC05423,6/10/2010,SMC05423_6/10/2010,1.09,0.76,0.97,1,1.58,1.22,0.95,1.58,0.83,61,0,46.53,0.61,98,91.86,0.78,0.94,1,1,0.94,0.94,1
SMC05524,6/30/2011,SMC05524_6/30/2011,0.61,0,0.77,0.81,1.17,1.41,0.63,0.84,0.44,72,7,50.13,0.43,14,103.12,0.23,1,1,1,1,1,1
SMC05702,6/7/2010,SMC05702_6/7/2010,1.15,0.89,0.99,1,1.43,1.41,0.77,1.6,0.84,16,1,54.95,1,155,142.42,0.82,1,1,1,1,1,1
SMC05759,6/21/2010,SMC05759_6/21/2010,1,0.49,0.51,0.52,1.05,1.19,0.68,1.55,0.82,46,0,43.94,0.77,112,89.16,0.88,1,1,1,1,1,1
SMC05764,6/19/2012,SMC05764_6/19/2012,0.19,0,0.47,0.48,0.24,1.57,0.03,0.38,0.2,8,92,47.97,0.14,0,128.74,0,0.94,1,1,0.94,0.94,1
SMC05902,6/28/2011,SMC05902_6/28/2011,0.57,0,1,1,0.74,1.65,0.26,0,0,0,100,34.19,0,122,134.16,0.68,1,1,1,1,1,1
SMC05956,6/19/2012,SMC05956_6/19/2012,0.85,0.11,0.49,0.5,1.73,1.62,0.82,1.55,0.82,36,0,49.87,0.97,71,132.57,0.39,0.95,1,1,0.98,0.98,0.95
SMC06019,6/17/2010,SMC06019_6/17/2010,0.34,0,0.8,0.84,1.06,1.5,0.52,0,0,56,44,49.39,0.16,4,130.45,0.01,1,1,1,1,1,1
SMC06036,6/11/2012,SMC06036_6/11/2012,1.04,0.64,0.84,0.88,1.5,1.59,0.71,1.74,0.92,28,0,36.99,0.91,125,136.65,0.68,0.91,1,0.91,0.98,0.98,0.95
SMC06216,5/26/2009,SMC06216_5/26/2009,0.85,0.11,0.44,0.45,1.41,1.5,0.71,1.81,0.95,28,0,44.14,1,50,110.77,0.39,1,1,1,1,1,1
SMC06298,7/17/2012,SMC06298_7/17/2012,1.04,0.61,0.6,0.62,1.36,1.48,0.69,1.48,0.78,58,0,45.37,0.63,166,115.72,1,1,1,1,1,1,1
SMC06467,6/28/2010,SMC06467_6/28/2010,0.94,0.32,1,1,1.77,1.61,0.85,1.41,0.74,49,0,20.79,0.44,105,123.69,0.64,1,1,1,1,1,1
SMC06653,7/1/2010,SMC06653_7/1/2010,0.79,0.04,0.59,0.61,1.06,1.09,0.74,0.19,0.1,98,0,46.04,0.14,143,92.36,1,1,1,1,1,1,1
SMC06714,6/6/2010,SMC06714_6/6/2010,0.66,0,0.18,0.17,1.01,1.51,0.48,1.4,0.74,62,0,55.02,0.71,88,138.23,0.45,1,1,1,1,1,1
SMC06794,7/18/2012,SMC06794_7/18/2012,1.15,0.89,0.81,0.85,1.53,1.42,0.82,1.65,0.87,28,0,44.3,1,138,118.16,0.86,1,1,1,1,1,1
SMC06863,7/21/2011,SMC06863_7/21/2011,0.96,0.37,0.51,0.52,1.58,1.42,0.85,1.88,0.99,16,0,16.84,0.8,86,110.35,0.61,1,1,1,1,1,1
SMC06918,7/16/2012,SMC06918_7/16/2012,0.97,0.39,0.67,0.7,1.53,1.43,0.81,1.03,0.54,72,0,57.91,0.62,167,145.56,0.87,1,1,1,1,1,1
SMC06926,7/1/2009,SMC06926_7/1/2009,0.79,0.05,0.59,0.61,1.39,1.65,0.61,1.55,0.82,24,20,21.42,0.51,100,136.11,0.54,1,1,1,1,1,1
SMC07085,6/21/2011,SMC07085_6/21/2011,0.35,0,0.24,0.23,1.07,1.4,0.58,1.04,0.55,31,65,48.82,0.2,2,127.03,0.02,1,1,1,1,1,1
SMC07126,7/12/2012,SMC07126_7/12/2012,1.15,0.89,0.86,0.9,1.61,1.32,0.92,1.56,0.82,56,0,55.9,0.79,170,141.91,0.91,1,1,1,1,1,1
SMC08094,6/28/2012,SMC08094_6/28/2012,0.85,0.11,0.72,0.75,1.45,1.26,0.86,1.83,0.96,30,6,48.18,0.95,14,111.88,0.18,0.94,1,1,0.94,0.94,1
SMC08157,6/22/2011,SMC08157_6/22/2011,1.03,0.6,0.65,0.68,1.63,1.55,0.8,1.88,0.99,43,0,45.26,0.82,127,133.27,0.71,1,1,1,1,1,1
SMC08335,7/7/2010,SMC08335_7/7/2010,1.16,0.9,0.96,1,1.61,1.29,0.93,2.06,1,23,0,44.28,1,84,96.14,0.68,0.89,1,0.91,0.89,0.89,1
SMC08414,6/28/2012,SMC08414_6/28/2012,0.42,0,0.48,0.49,0.5,1.46,0.23,1.33,0.7,2,94,44.41,0.14,6,106.06,0.17,0.82,1,0.82,0.95,0.95,0.95
SMC08426,6/8/2010,SMC08426_6/8/2010,0.95,0.34,0.67,0.7,1.71,1.32,0.97,1.05,0.55,63,2,51.33,0.62,119,119,0.75,1,1,1,1,1,1
SMC08540,6/23/2011,SMC08540_6/23/2011,0.98,0.44,0.8,0.84,1.07,1.33,0.62,1.84,0.97,22,25,41.58,0.73,83,97.24,0.66,1,1,1,1,1,1
SMC08655,6/21/2012,SMC08655_6/21/2012,0.92,0.25,0.69,0.72,1.38,1.44,0.73,1.95,1,10,3,12.11,0.78,79,125.62,0.48,0.9,0.9,1,0.91,0.91,0.91
SMC08845,6/22/2009,SMC08845_6/22/2009,0.48,0,0.47,0.48,1.4,1.47,0.72,0.27,0.14,92,0,53.33,0.31,55,138.04,0.26,0.99,1,1,0.99,0.99,1
SMC09162,8/1/2011,SMC09162_8/1/2011,0.97,0.39,0.72,0.75,1.4,1.63,0.63,1.08,0.57,73,0,49.99,0.5,178,138.17,0.98,1,1,1,1,1,1
SMC09174,7/13/2012,SMC09174_7/13/2012,0.91,0.24,0.45,0.46,1.38,1.48,0.7,1.12,0.59,76,0,55.4,0.53,169,135.59,0.94,1,1,1,1,1,1
SMC09325,6/21/2012,SMC09325_6/21/2012,0.78,0.03,0.26,0.25,1.87,1.35,1,1.27,0.67,81,0,46.78,0.36,107,126.88,0.63,1,1,1,1,1,1
SMC09503,6/4/2012,SMC09503_6/4/2012,1,0.51,0.74,0.77,1.43,1.32,0.82,1.77,0.93,3,8,13.21,0.82,79,101.55,0.62,0.82,1,0.82,0.94,0.94,1
SMC09564,6/1/2010,SMC09564_6/1/2010,0.97,0.4,0.38,0.38,1.68,1.32,0.95,1.34,0.71,57,0,48.74,0.69,102,85.32,0.84,1,1,1,1,1,1
SMC09591,6/3/2010,SMC09591_6/3/2010,0.94,0.32,0.88,0.92,1.37,1.24,0.83,1.71,0.9,32,0,38.75,0.88,29,90.8,0.39,1,1,1,1,1,1
SMC10189,6/24/2010,SMC10189_6/24/2010,0.96,0.39,0.72,0.75,1.71,1.52,0.86,0.99,0.52,69,0,52.74,0.59,153,136.9,0.84,1,1,1,1,1,1
SMC10685,7/1/2010,SMC10685_7/1/2010,0.94,0.3,0.62,0.64,1.12,1.13,0.75,0.78,0.41,75,0,49.46,0.47,147,93.79,1,1,1,1,1,1,1
SMC11181,6/21/2011,SMC11181_6/21/2011,0.27,0,0.12,0.1,1.19,1.39,0.65,0.44,0.23,44,55,48.82,0.16,7,127.74,0.05,1,1,1,1,1,1
SMC11343,6/4/2012,SMC11343_6/4/2012,0.98,0.45,0.63,0.65,1.54,1.38,0.85,1.74,0.92,20,0,44.79,1,64,99.55,0.54,0.8,0.8,1,0.91,0.91,1
SMC11384,6/28/2011,SMC11384_6/28/2011,1.14,0.87,0.64,0.66,1.77,1.65,0.82,1.91,1,20,0,24.28,0.85,163,130.35,0.94,1,1,1,1,1,1
SMC11394,6/30/2011,SMC11394_6/30/2011,1.08,0.74,0.87,0.91,1.21,1.33,0.69,1.57,0.83,18,0,25.29,0.89,127,116.88,0.81,1,1,1,1,1,1
SMC11430,7/12/2012,SMC11430_7/12/2012,0.43,0,0.37,0.37,1.12,1.63,0.48,0.69,0.36,79,9,49.87,0.31,47,138.51,0.21,1,1,1,1,1,1
SMC11593,6/21/2012,SMC11593_6/21/2012,0.5,0,0.21,0.2,1.4,1.55,0.68,0.19,0.1,100,0,52.04,0.19,104,136.13,0.56,1,1,1,1,1,1
SMC11727,6/9/2010,SMC11727_6/9/2010,0.94,0.3,0.68,0.71,1.33,1.36,0.74,1.87,0.98,24,0,18.6,0.73,64,96.77,0.56,1,1,1,1,1,1
SMC12246,7/23/2013,SMC12246_7/23/2013,1.27,0.99,0.93,0.98,1.58,1.35,0.88,1.81,0.95,14,0,52.59,1,155,104.98,1,1,1,1,1,1,1
SMC12814,7/22/2011,SMC12814_7/22/2011,1.07,0.71,0.48,0.49,1.25,1.63,0.55,1.85,0.97,16,0,21.05,0.86,201,134.24,1,1,1,1,1,1,1
SMC12862,6/27/2011,SMC12862_6/27/2011,0.28,0,0.29,0.29,0.45,1.17,0.36,0,0,0,98,46.88,0.15,5,92.29,0.24,1,1,1,1,1,1
SMC13076,6/28/2012,SMC13076_6/28/2012,1,0.49,0.54,0.56,1.45,1.58,0.68,2.04,1,20,0,20.37,0.8,135,133.76,0.75,1,1,1,1,1,1
SMC13391,6/21/2012,SMC13391_6/21/2012,1.02,0.55,0.9,0.95,1.55,1.42,0.83,1.74,0.92,18,0,23.66,0.86,68,103.69,0.54,0.91,1,0.91,0.98,0.98,0.95
SMC13402,7/18/2013,SMC13402_7/18/2013,1.13,0.86,0.55,0.57,1.75,1.47,0.91,2.05,1,21,0,45.81,1,134,118.02,0.84,1,1,1,1,1,1
SMC13599,6/4/2012,SMC13599_6/4/2012,1.06,0.7,0.78,0.82,1.41,1.39,0.77,1.67,0.88,4,0,15.33,0.94,96,98.55,0.73,0.92,1,1,0.92,0.92,1
SMC13630,6/21/2012,SMC13630_6/21/2012,0.24,0,0.33,0.33,0.2,1.16,0.23,0,0,0,100,48.32,0.14,0,93.19,0.21,0.96,1,1,0.96,0.96,1
SMC14218,7/11/2012,SMC14218_7/11/2012,1.1,0.8,0.65,0.68,1.88,1.61,0.91,1.66,0.87,50,0,46.34,0.75,168,139.1,0.91,1,1,1,1,1,1
SMC15464,6/15/2012,SMC15464_6/15/2012,1.06,0.69,0.53,0.55,1.59,1.65,0.73,2.03,1,18,0,17.89,0.79,152,127.53,0.89,1,1,1,1,1,1
SMC15677,6/29/2009,SMC15677_6/29/2009,0.31,0,0.89,0.94,0,1.28,0.05,0,0,0,100,43,0.08,0,99.21,0.17,1,1,1,1,1,1
SMC16169,6/16/2015,SMC16169_6/16/2015,1.09,0.77,0.24,0.23,1.51,1.51,0.76,1.93,1,10,0,32.75,1,182,132.3,1,2,2,2,2,2,2
SMC16266,8/1/2011,SMC16266_8/1/2011,1.16,0.9,0.64,0.66,1.33,1.58,0.62,1.97,1,16,0,40.58,1,197,140.98,1,1,1,1,1,1,1
SMC16446,6/21/2012,SMC16446_6/21/2012,1.05,0.64,0.61,0.63,1.6,1.42,0.86,1.9,1,24,0,24.57,0.8,101,102.06,0.74,0.91,1,0.91,0.98,0.98,0.91
SMC16892,6/27/2012,SMC16892_6/27/2012,0.98,0.45,0.28,0.28,1.56,1.33,0.88,1.45,0.76,53,0,35.56,0.57,159,95.16,1,1,1,1,1,1,1
SMC16980,7/6/2011,SMC16980_7/6/2011,0.93,0.29,0.37,0.37,1.53,1.39,0.83,1.55,0.82,6,0,34.36,1,83,105.81,0.61,0.99,1,1,0.99,0.99,1
SMC17056,7/2/2009,SMC17056_7/2/2009,0.83,0.09,0.98,1,0.69,1.24,0.46,0.74,0.39,81,0,49.39,0.4,91,85.7,0.78,1,1,1,1,1,1
SMC17378,6/27/2012,SMC17378_6/27/2012,0.9,0.2,0.33,0.33,1.49,1.33,0.85,1.24,0.65,62,0,48.01,0.62,102,88.54,0.82,1,1,1,1,1,1
SMC17692,6/12/2013,SMC17692_6/12/2013,1.02,0.58,0.55,0.57,1.42,1.32,0.81,1.37,0.72,65,0,47.84,0.58,172,86.4,1,1,1,1,1,1,1
SMC17918,7/25/2013,SMC17918_7/25/2013,0.92,0.25,0.56,0.58,1.38,1.31,0.8,1.27,0.67,53,0,51.99,0.78,94,105.63,0.68,1,1,1,1,1,1
SMC18169,6/20/2011,SMC18169_6/20/2011,0.71,0.01,0.56,0.58,0.95,1.23,0.61,1.39,0.73,76,0,48.39,0.45,36,90.5,0.43,1,1,1,1,1,1
SMC19228,7/16/2012,SMC19228_7/16/2012,1.07,0.7,0.69,0.72,1.66,1.37,0.92,1.73,0.91,12,1,65.59,1,126,140.83,0.66,1,1,1,1,1,1
SMC19466,6/17/2013,SMC19466_6/17/2013,1.07,0.72,0.59,0.61,1.92,1.55,0.96,1.68,0.88,31,5,44.09,0.9,136,131.57,0.77,1,1,1,1,1,1
SMC19552,7/15/2013,SMC19552_7/15/2013,1.01,0.53,0.59,0.61,1.71,1.34,0.96,1.35,0.71,61,0,52.43,0.69,128,115.87,0.82,1,1,1,1,1,1
SMC20092,6/13/2013,SMC20092_6/13/2013,0.98,0.42,0.62,0.64,1.22,1.36,0.68,1.08,0.57,66,0,47.88,0.57,170,94.05,1,1,1,1,1,1,1
SMC20994,6/17/2013,SMC20994_6/17/2013,0.36,0,0.56,0.58,0.42,1.68,0.06,0,0,0,100,18.39,0,92,135.23,0.5,1,1,1,1,1,1
SMC21371,6/20/2011,SMC21371_6/20/2011,1,0.49,0.64,0.66,1.35,1.23,0.82,1.31,0.69,48,0,49.2,0.81,98,91.88,0.78,1,1,1,1,1,1
SMC21382,6/13/2013,SMC21382_6/13/2013,1.01,0.54,0.67,0.7,1.42,1.33,0.81,1.2,0.63,61,0,36.44,0.48,155,88.39,1,1,1,1,1,1,1
SMC21796,6/14/2013,SMC21796_6/14/2013,0.09,0,0.17,0.16,0.08,1.58,0,0,0,3,97,50,0.16,5,127.24,0.04,1,1,1,1,1,1
SMC21822,6/21/2010,SMC21822_6/21/2010,0.97,0.4,0.83,0.87,1.7,1.09,1,1.4,0.74,67,0,44.41,0.51,76,91.6,0.66,0.88,1,1,0.88,0.88,1
SMC23495,7/16/2013,SMC23495_7/16/2013,1,0.49,0.3,0.3,1.74,1.62,0.83,1.68,0.88,46,1,49.32,0.82,157,137.01,0.86,1,1,1,1,1,1
SMC24222,6/21/2010,SMC24222_6/21/2010,1.03,0.61,0.89,0.94,1.4,1.15,0.9,1.45,0.76,44,0,44.51,0.8,83,97.7,0.66,0.95,1,1,1,1,0.95
SMC25288,6/30/2011,SMC25288_6/30/2011,1.1,0.79,0.95,1,1.09,1.36,0.61,1.54,0.81,21,0,30.92,0.92,133,116.48,0.84,1,1,1,1,1,1
SMC26288,5/12/2009,SMC26288_5/12/2009,1.09,0.77,0.97,1,1.51,1.37,0.83,1.65,0.87,26,0,38.57,0.95,102,116.9,0.66,1,1,1,1,1,1
SMC26694,7/16/2013,SMC26694_7/16/2013,1.03,0.61,0.27,0.26,1.69,1.58,0.82,1.59,0.84,52,0,52.53,0.8,186,134.81,1,1,1,1,1,1,1
SMC26909,5/31/2010,SMC26909_5/31/2010,0.96,0.38,0.72,0.75,0.98,1.1,0.69,1.46,0.77,49,0,50.18,0.81,80,90.7,0.68,1,1,1,1,1,1
SMC27709,5/31/2010,SMC27709_5/31/2010,0.9,0.21,0.88,0.92,0.93,1.09,0.67,1.21,0.64,68,0,50.66,0.58,75,91.02,0.65,1,1,1,1,1,1
SMC29064,6/25/2012,SMC29064_6/25/2012,1.04,0.63,0.72,0.75,1.55,1.27,0.91,1.87,0.98,28,0,23.67,0.74,111,122.34,0.68,1,1,1,1,1,1
SMC32718,6/3/2010,SMC32718_6/3/2010,1.03,0.59,0.99,1,1.57,1.21,0.95,1.38,0.73,64,0,49.57,0.61,90,97.36,0.7,1,1,1,1,1,1
SMC34888,6/24/2010,SMC34888_6/24/2010,0.96,0.37,0.74,0.77,1.34,1.35,0.75,1.4,0.74,32,0,28.59,0.75,101,112.15,0.68,1,1,1,1,1,1
SMC35697,6/10/2010,SMC35697_6/10/2010,1,0.51,0.69,0.72,1.43,1.21,0.88,1.76,0.93,10,7,29.75,0.95,57,91.21,0.55,0.98,1,1,0.98,0.98,1
SMC35837,6/25/2012,SMC35837_6/25/2012,0.9,0.2,0.38,0.38,1.61,1.32,0.92,1.46,0.77,66,0,48.83,0.58,115,118.69,0.73,1,1,1,1,1,1
SMC37632,7/31/2013,SMC37632_7/31/2013,1.15,0.89,0.9,0.95,1.72,1.36,0.96,1.8,0.95,8,0,66.18,1,134,141.55,0.7,1,1,1,1,1,1
SMCR8_020,7/12/2011,SMCR8_020_7/12/2011,0.86,0.12,0.65,0.68,1.36,1.33,0.78,2.01,1,24,0,26.17,0.82,58,131.43,0.32,1,1,1,1,1,1
SMCR8_131,6/16/2009,SMCR8_131_6/16/2009,1.07,0.72,0.79,0.83,1.47,1.34,0.83,1.76,0.93,52,0,26.59,0.47,176,145.81,0.92,1,1,1,1,1,1
SMCR8_196,5/24/2009,SMCR8_196_5/24/2009,0.93,0.3,0.96,1,1.23,1.38,0.67,1.88,0.99,19,0,38.81,1,52,128.75,0.3,1,1,1,1,1,1
SMCR8_207,6/7/2009,SMCR8_207_6/7/2009,0.82,0.07,0.77,0.81,0.97,1.4,0.52,1.48,0.78,47,0,44.22,0.76,70,124.66,0.43,1,1,1,1,1,1
SMCR8_218,6/23/2009,SMCR8_218_6/23/2009,0.71,0.01,0.73,0.76,0.17,1.12,0.24,1.6,0.84,38,0,22.12,0.59,61,120.92,0.4,1,1,1,1,1,1
SMCR8_274,6/17/2010,SMCR8_274_6/17/2010,1.04,0.62,0.94,0.99,0.96,1.42,0.5,1.87,0.98,15,0,23.29,0.9,101,112.47,0.68,1,1,1,1,1,1
SMCR8_289,6/3/2009,SMCR8_289_6/3/2009,0.78,0.03,0.58,0.6,1.46,1.37,0.81,1.53,0.81,51,0,22.48,0.43,65,116.43,0.45,1,1,1,1,1,1
SMCR8_299,6/9/2009,SMCR8_299_6/9/2009,0.14,0,0.47,0.48,0,1.4,0,0,0,0,100,49.43,0.16,0,130.09,0,0.5,1,1,1,1,0.5
SMCR8_327,6/28/2009,SMCR8_327_6/28/2009,0.54,0,1,1,0,1.32,0.04,1.06,0.56,60,0,23.52,0.33,12,92.71,0.28,0.99,1,1,0.99,0.99,1
SMCR8_333,6/17/2009,SMCR8_333_6/17/2009,0.62,0,0.68,0.71,0,0.88,0.27,1.47,0.77,9,0,22.26,0.96,0,119.61,0.05,1,1,1,1,1,1
SMCR8_344,6/15/2009,SMCR8_344_6/15/2009,0.92,0.26,0.95,1,0.98,1.27,0.6,1.56,0.82,56,0,27.14,0.43,79,90.61,0.68,1,1,1,1,1,1
SMCR8_356,6/10/2010,SMCR8_356_6/10/2010,0.85,0.12,1,1,1.1,1.09,0.76,0.45,0.24,97,0,45.99,0.15,113,91.06,0.87,1,1,1,1,1,1
SMCR8_376,6/11/2009,SMCR8_376_6/11/2009,0.92,0.26,0.75,0.78,1.41,1.47,0.73,1.91,1,39,0,29.17,0.67,67,107.81,0.51,1,1,1,1,1,1
SMCR8_436,6/23/2010,SMCR8_436_6/23/2010,1.02,0.56,0.77,0.81,1.32,1.15,0.85,1.62,0.85,3,0,30.08,1,83,113.38,0.57,1,1,1,1,1,1
SMCR8_445,6/24/2010,SMCR8_445_6/24/2010,0.95,0.34,1,1,1.22,1.11,0.82,1.91,1,31,0,23.15,0.69,60,118.65,0.41,0.99,1,1,0.99,0.99,1
SMCR8_453,7/12/2011,SMCR8_453_7/12/2011,0.72,0.01,0.37,0.37,1.21,1.3,0.71,1.54,0.81,52,0,37.23,0.61,53,115.5,0.38,1,1,1,1,1,1
SMCR8_467,6/9/2011,SMCR8_467_6/9/2011,0.96,0.39,0.87,0.91,0.93,1.13,0.65,1.66,0.87,21,3,41.11,1,52,97.21,0.48,1,1,1,1,1,1
SMCR8_474,7/5/2009,SMCR8_474_7/5/2009,1.12,0.84,0.89,0.94,1.22,0.79,0.99,1.76,0.93,1,0,8.76,0.89,90,100.58,0.69,1,1,1,1,1,1
SMCR8_483,6/6/2011,SMCR8_483_6/6/2011,0.89,0.18,0.37,0.37,1.53,1.42,0.82,1.68,0.88,17,0,33.42,1,71,115.4,0.49,1,1,1,1,1,1
SMCR8_512,7/19/2011,SMCR8_512_7/19/2011,0.87,0.14,0.47,0.48,1.17,1.35,0.66,1.68,0.88,14,0,27.14,0.96,69,114.45,0.48,1,1,1,1,1,1
SMCR8_528,7/11/2011,SMCR8_528_7/11/2011,0.97,0.42,0.7,0.73,1.91,1.11,1,1.7,0.89,55,1,44.41,0.65,68,95.07,0.59,1,1,1,1,1,1
SMCR8_533,6/7/2011,SMCR8_533_6/7/2011,0.52,0,0.06,0.04,0.4,1.3,0.26,1.55,0.82,11,0,26.82,0.99,5,111.43,0.13,1,1,1,1,1,1
SMCR8_566,6/15/2011,SMCR8_566_6/15/2011,0.22,0,0.47,0.48,0,1.28,0.05,0,0,0,100,44.17,0.09,0,97.73,0.18,1,1,1,1,1,1
SMCR8_572,6/30/2009,SMCR8_572_6/30/2009,0.91,0.23,0.74,0.77,1.1,1.06,0.78,1.22,0.64,68,0,47.88,0.54,79,86.07,0.71,1,1,1,1,1,1
SMCR8_590,7/20/2011,SMCR8_590_7/20/2011,1.07,0.7,0.79,0.83,1.63,1.46,0.85,1.92,1,37,0,27.48,0.67,110,108.42,0.76,1,1,1,1,1,1
SMCR8_598,6/15/2010,SMCR8_598_6/15/2010,0.1,0,0.29,0.29,0,1.43,0,0,0,0,100,23.09,0,5,119.82,0.08,1,1,1,1,1,1
SMCR8_601,6/24/2009,SMCR8_601_6/24/2009,0.39,0,0.97,1,0,1.41,0,0.69,0.36,9,82,45.5,0.22,0,109.76,0.11,0.87,1,1,0.87,0.87,1
SMCR8_605,7/1/2009,SMCR8_605_7/1/2009,0.74,0.02,0.29,0.29,1.45,1.47,0.75,1.68,0.88,58,0,29.35,0.43,81,119.81,0.52,1,1,1,1,1,1
SMCR8_607,7/19/2011,SMCR8_607_7/19/2011,1.02,0.58,0.3,0.3,1.49,1.46,0.77,1.73,0.91,32,0,24.32,0.7,203,109.66,1,1,1,1,1,1,1
